-- MySQL dump 10.13  Distrib 5.7.33, for Linux (x86_64)
--
-- Host: localhost    Database: siemenss_auth
-- ------------------------------------------------------
-- Server version	5.7.33-0ubuntu0.18.04.1

/*!40101 SET @OLD_CHARACTER_SET_CLIENT=@@CHARACTER_SET_CLIENT */;
/*!40101 SET @OLD_CHARACTER_SET_RESULTS=@@CHARACTER_SET_RESULTS */;
/*!40101 SET @OLD_COLLATION_CONNECTION=@@COLLATION_CONNECTION */;
/*!40101 SET NAMES utf8 */;
/*!40103 SET @OLD_TIME_ZONE=@@TIME_ZONE */;
/*!40103 SET TIME_ZONE='+00:00' */;
/*!40014 SET @OLD_UNIQUE_CHECKS=@@UNIQUE_CHECKS, UNIQUE_CHECKS=0 */;
/*!40014 SET @OLD_FOREIGN_KEY_CHECKS=@@FOREIGN_KEY_CHECKS, FOREIGN_KEY_CHECKS=0 */;
/*!40101 SET @OLD_SQL_MODE=@@SQL_MODE, SQL_MODE='NO_AUTO_VALUE_ON_ZERO' */;
/*!40111 SET @OLD_SQL_NOTES=@@SQL_NOTES, SQL_NOTES=0 */;

--
-- Table structure for table `role`
--
create database siemenss_auth;
use siemenss_auth;
DROP TABLE IF EXISTS `role`;
/*!40101 SET @saved_cs_client     = @@character_set_client */;
/*!40101 SET character_set_client = utf8 */;
CREATE TABLE `role` (
  `id` bigint(20) NOT NULL AUTO_INCREMENT,
  `name` varchar(45) DEFAULT NULL,
  `created_date` datetime DEFAULT NULL,
  `last_modified_date` datetime DEFAULT NULL,
  `last_modified_by` varchar(45) DEFAULT NULL,
  `created_by` varchar(45) DEFAULT NULL,
  PRIMARY KEY (`id`)
) ENGINE=InnoDB  DEFAULT CHARSET=latin1;
/*!40101 SET character_set_client = @saved_cs_client */;

--
-- Dumping data for table `role`
--

LOCK TABLES `role` WRITE;
/*!40000 ALTER TABLE `role` DISABLE KEYS */;
INSERT INTO `role` VALUES (1,'ADMIN',NULL,NULL,NULL,NULL),(2,'USER',NULL,NULL,NULL,NULL),(3,'HR',NULL,NULL,NULL,NULL);
/*!40000 ALTER TABLE `role` ENABLE KEYS */;
UNLOCK TABLES;

--
-- Table structure for table `token`
--

DROP TABLE IF EXISTS `token`;
/*!40101 SET @saved_cs_client     = @@character_set_client */;
/*!40101 SET character_set_client = utf8 */;
CREATE TABLE `token` (
  `id` bigint(20) NOT NULL AUTO_INCREMENT,
  `created_by` varchar(45) DEFAULT NULL,
  `created_date` datetime DEFAULT NULL,
  `last_modified_date` datetime DEFAULT NULL,
  `last_modified_by` varchar(45) DEFAULT NULL,
  `token` text,
  `expiry_date` datetime DEFAULT NULL,
  `token_type` varchar(255) DEFAULT NULL,
  `is_expired` bit(1) DEFAULT NULL,
  `user_id` bigint(20) DEFAULT NULL,
  PRIMARY KEY (`id`),
  KEY `user_id_fk_idx` (`user_id`),
  CONSTRAINT `user_id_fk` FOREIGN KEY (`user_id`) REFERENCES `user` (`id`) ON DELETE NO ACTION ON UPDATE NO ACTION
) ENGINE=InnoDB  DEFAULT CHARSET=latin1;
/*!40101 SET character_set_client = @saved_cs_client */;

--
-- Dumping data for table `token`
--

LOCK TABLES `token` WRITE;
/*!40000 ALTER TABLE `token` DISABLE KEYS */;
INSERT INTO `token` VALUES (1,'siemenss ','2021-04-21 18:56:06','2021-04-21 18:56:06',NULL,'eyJhbGciOiJIUzI1NiJ9.eyJhdXRoIjoiQURNSU4iLCJyb2xlcyI6W3sicm9sZUlkIjoxLCJyb2xlIjoiQURNSU4ifV0sInVzZXJOYW1lIjoic2llbWVuc0B5b3BtYWlsLmNvbSIsImV4cCI6MTYyOTAxMTU2NSwiaWF0IjoxNjE5MDExNTY1fQ.hOEslD_Ch-noVqasAfF0uz-aeKXhzAUsxRjL62ahHAo','2021-08-15 12:42:46','LOGIN_TOKEN',_binary '\0',1),(2,'siemens@yopmail.com','2021-04-21 18:56:33','2021-04-21 18:56:33','siemens@yopmail.com','eyJhbGciOiJIUzI1NiJ9.eyJhdXRoIjoiIiwicm9sZXMiOltdLCJ1c2VyTmFtZSI6ImRtYWthcmFuZEBhZ3NmdC5jb20iLCJleHAiOjE2MjkwMTE1OTIsImlhdCI6MTYxOTAxMTU5Mn0.znfgT5zLqVzwaiDyzCyfmsA5DYsgpZp7NcBhlGqwGek','2021-05-03 08:43:13','RESET_PASSWORD_TOKEN',NULL,2),(3,'siemenss ','2021-04-21 18:56:48','2021-04-21 18:56:48',NULL,'eyJhbGciOiJIUzI1NiJ9.eyJhdXRoIjoiQURNSU4iLCJyb2xlcyI6W3sicm9sZUlkIjoxLCJyb2xlIjoiQURNSU4ifV0sInVzZXJOYW1lIjoic2llbWVuc0B5b3BtYWlsLmNvbSIsImV4cCI6MTYyOTAxMTYwOCwiaWF0IjoxNjE5MDExNjA4fQ.g8DKBT-DGd07m13tmYcoAzGJ8lAkUyKWYDaGEm0UBbQ','2021-08-15 12:43:28','LOGIN_TOKEN',_binary '\0',1),(4,'siemenss ','2021-04-21 18:58:25','2021-04-21 18:58:25',NULL,'eyJhbGciOiJIUzI1NiJ9.eyJhdXRoIjoiQURNSU4iLCJyb2xlcyI6W3sicm9sZUlkIjoxLCJyb2xlIjoiQURNSU4ifV0sInVzZXJOYW1lIjoic2llbWVuc0B5b3BtYWlsLmNvbSIsImV4cCI6MTYyOTAxMTcwNSwiaWF0IjoxNjE5MDExNzA1fQ._7eHqqdfsOg4YK8KErvhX_YHxus6bnH_aPFa-IyGnNs','2021-08-15 12:45:05','LOGIN_TOKEN',_binary '\0',1),(5,'siemenss ','2021-04-21 19:02:13','2021-04-21 19:02:13',NULL,'eyJhbGciOiJIUzI1NiJ9.eyJhdXRoIjoiQURNSU4iLCJyb2xlcyI6W3sicm9sZUlkIjoxLCJyb2xlIjoiQURNSU4ifV0sInVzZXJOYW1lIjoic2llbWVuc0B5b3BtYWlsLmNvbSIsImV4cCI6MTYyOTAxMTkzMiwiaWF0IjoxNjE5MDExOTMyfQ.C26g1LEO2EhVA-IN1TYjL1W7lEY_auUbzvTf8Fpd4vE','2021-08-15 12:48:53','LOGIN_TOKEN',_binary '\0',1),(6,'siemens@yopmail.com','2021-04-21 19:02:41','2021-04-21 19:02:41','siemens@yopmail.com','eyJhbGciOiJIUzI1NiJ9.eyJhdXRoIjoiIiwicm9sZXMiOltdLCJ1c2VyTmFtZSI6ImRkaXBha0B5b3BtYWlsLmNvbSIsImV4cCI6MTYyOTAxMTk2MCwiaWF0IjoxNjE5MDExOTYwfQ.tk_VL6N_xE-F2FeUZjtXLzeVSZ0G9h8CdyQW7p25trc','2021-05-03 08:49:21','RESET_PASSWORD_TOKEN',NULL,3),(7,'siemenss ','2021-04-21 19:08:08','2021-04-21 19:08:08',NULL,'eyJhbGciOiJIUzI1NiJ9.eyJhdXRoIjoiQURNSU4iLCJyb2xlcyI6W3sicm9sZUlkIjoxLCJyb2xlIjoiQURNSU4ifV0sInVzZXJOYW1lIjoic2llbWVuc0B5b3BtYWlsLmNvbSIsImV4cCI6MTYyOTAxMjI4OCwiaWF0IjoxNjE5MDEyMjg4fQ.wW-9_5L31a5imW6l7-7F_zntEIJqXWc44zSHCA7m0lY','2021-08-15 12:54:48','LOGIN_TOKEN',_binary '\0',1),(8,'siemens@yopmail.com','2021-04-21 19:08:32','2021-04-21 19:08:32','siemens@yopmail.com','eyJhbGciOiJIUzI1NiJ9.eyJhdXRoIjoiVVNFUiIsInJvbGVzIjpbeyJyb2xlSWQiOjIsInJvbGUiOiJVU0VSIn1dLCJ1c2VyTmFtZSI6ImRzYW5qYXlAeW9wbWFpbC5jb20iLCJleHAiOjE2MjkwMTIzMTIsImlhdCI6MTYxOTAxMjMxMn0.AhszI2DLbhvHl5ZDB1kCFLnCaEI4_yW6MAgokYjjST0','2021-05-03 08:55:12','RESET_PASSWORD_TOKEN',NULL,4),(9,'siemenss ','2021-04-21 19:16:09','2021-04-21 19:16:09',NULL,'eyJhbGciOiJIUzI1NiJ9.eyJhdXRoIjoiQURNSU4iLCJyb2xlcyI6W3sicm9sZUlkIjoxLCJyb2xlIjoiQURNSU4ifV0sInVzZXJOYW1lIjoic2llbWVuc0B5b3BtYWlsLmNvbSIsImV4cCI6MTYyOTAxMjc2OCwiaWF0IjoxNjE5MDEyNzY4fQ.h4EjGm_I9SKzngzyphVUH51_W-GqJTaW7RW1M3F17Kk','2021-08-15 13:02:49','LOGIN_TOKEN',_binary '\0',1),(10,'siemens@yopmail.com','2021-04-21 19:16:33','2021-04-21 19:16:33','siemens@yopmail.com','eyJhbGciOiJIUzI1NiJ9.eyJhdXRoIjoiVVNFUiIsInJvbGVzIjpbeyJyb2xlSWQiOjIsInJvbGUiOiJVU0VSIn1dLCJ1c2VyTmFtZSI6Imtha3NoYXlAeW9wbWFpbC5jb20iLCJleHAiOjE2MjkwMTI3OTMsImlhdCI6MTYxOTAxMjc5M30.ZibRzosZ3KzDdNzVba-gm-9YYwQOvXRQUAQ8ik0JpJA','2021-05-03 09:03:13','RESET_PASSWORD_TOKEN',NULL,2),(11,'siemenss ','2021-04-21 19:16:49','2021-04-21 19:16:49',NULL,'eyJhbGciOiJIUzI1NiJ9.eyJhdXRoIjoiQURNSU4iLCJyb2xlcyI6W3sicm9sZUlkIjoxLCJyb2xlIjoiQURNSU4ifV0sInVzZXJOYW1lIjoic2llbWVuc0B5b3BtYWlsLmNvbSIsImV4cCI6MTYyOTAxMjgwOCwiaWF0IjoxNjE5MDEyODA4fQ.RiGr7uQNHKF7xc5kbOtxWAsunw8EUJAy1oZGeKFaMUA','2021-08-15 13:03:29','LOGIN_TOKEN',_binary '\0',1),(12,'siemenss ','2021-04-21 19:19:02','2021-04-21 19:19:02',NULL,'eyJhbGciOiJIUzI1NiJ9.eyJhdXRoIjoiQURNSU4iLCJyb2xlcyI6W3sicm9sZUlkIjoxLCJyb2xlIjoiQURNSU4ifV0sInVzZXJOYW1lIjoic2llbWVuc0B5b3BtYWlsLmNvbSIsImV4cCI6MTYyOTAxMjk0MSwiaWF0IjoxNjE5MDEyOTQxfQ.kVuhRVqb9mB5rbAT_tINABYjWkyLueGr8LYf6m8AOhc','2021-08-15 13:05:42','LOGIN_TOKEN',_binary '\0',1),(13,'siemenss ','2021-04-21 19:21:00','2021-04-21 19:21:00',NULL,'eyJhbGciOiJIUzI1NiJ9.eyJhdXRoIjoiQURNSU4iLCJyb2xlcyI6W3sicm9sZUlkIjoxLCJyb2xlIjoiQURNSU4ifV0sInVzZXJOYW1lIjoic2llbWVuc0B5b3BtYWlsLmNvbSIsImV4cCI6MTYyOTAxMzA1OSwiaWF0IjoxNjE5MDEzMDU5fQ.6l6EH84rmx0OH62i2wskHFOwtl7mg4rD-npb1eJZwMk','2021-08-15 13:07:40','LOGIN_TOKEN',_binary '\0',1),(14,'siemenss ','2021-04-21 19:21:07','2021-04-21 19:21:07',NULL,'eyJhbGciOiJIUzI1NiJ9.eyJhdXRoIjoiQURNSU4iLCJyb2xlcyI6W3sicm9sZUlkIjoxLCJyb2xlIjoiQURNSU4ifV0sInVzZXJOYW1lIjoic2llbWVuc0B5b3BtYWlsLmNvbSIsImV4cCI6MTYyOTAxMzA2NywiaWF0IjoxNjE5MDEzMDY3fQ.BJkMVQRD3sh3GnqfI_uAf-AFtPoWRq19Tag5MvlLu38','2021-08-15 13:07:47','LOGIN_TOKEN',_binary '\0',1),(15,'siemens@yopmail.com','2021-04-21 19:21:56','2021-04-21 19:21:56','siemens@yopmail.com','eyJhbGciOiJIUzI1NiJ9.eyJhdXRoIjoiSFIiLCJyb2xlcyI6W3sicm9sZUlkIjozLCJyb2xlIjoiSFIifV0sInVzZXJOYW1lIjoiZGVzYWlAeW9wbWFpbC5jb20iLCJleHAiOjE2MjkwMTMxMTUsImlhdCI6MTYxOTAxMzExNX0.W7ljVai6OHq5cB0LA2gYNVQlBtGznRNdZck1_2t2C0Q','2021-05-03 09:08:35','RESET_PASSWORD_TOKEN',NULL,3),(16,'siemenss ','2021-04-21 19:25:57','2021-04-21 19:25:57',NULL,'eyJhbGciOiJIUzI1NiJ9.eyJhdXRoIjoiQURNSU4iLCJyb2xlcyI6W3sicm9sZUlkIjoxLCJyb2xlIjoiQURNSU4ifV0sInVzZXJOYW1lIjoic2llbWVuc0B5b3BtYWlsLmNvbSIsImV4cCI6MTYyOTAxMzM1NywiaWF0IjoxNjE5MDEzMzU3fQ.SoA1gHVxmy16Xypy6Epzx6NIMc-9U6PDWPWYnYVfEPs','2021-08-15 13:12:37','LOGIN_TOKEN',_binary '\0',1),(17,'siemens@yopmail.com','2021-04-21 19:26:31','2021-04-21 19:26:31','siemens@yopmail.com','eyJhbGciOiJIUzI1NiJ9.eyJhdXRoIjoiVVNFUiIsInJvbGVzIjpbeyJyb2xlSWQiOjIsInJvbGUiOiJVU0VSIn1dLCJ1c2VyTmFtZSI6ImdwYW5rYWpAeW9wbWFpbC5jb20iLCJleHAiOjE2MjkwMTMzOTEsImlhdCI6MTYxOTAxMzM5MX0.FEC8zaFyjslgRD276muNVL3byuilEpaszwal7MG9jzg','2021-05-03 09:13:11','RESET_PASSWORD_TOKEN',NULL,4),(18,'siemenss ','2021-04-21 19:27:08','2021-04-21 19:27:08',NULL,'eyJhbGciOiJIUzI1NiJ9.eyJhdXRoIjoiQURNSU4iLCJyb2xlcyI6W3sicm9sZUlkIjoxLCJyb2xlIjoiQURNSU4ifV0sInVzZXJOYW1lIjoic2llbWVuc0B5b3BtYWlsLmNvbSIsImV4cCI6MTYyOTAxMzQyOCwiaWF0IjoxNjE5MDEzNDI4fQ.gxWWd-WwFVygdK2VIbrOU9cO7Q7exvsNZf_-s_uT0sg','2021-08-15 13:13:48','LOGIN_TOKEN',_binary '\0',1),(19,'siemens@yopmail.com','2021-04-21 19:27:35','2021-04-21 19:27:35','siemens@yopmail.com','eyJhbGciOiJIUzI1NiJ9.eyJhdXRoIjoiVVNFUiIsInJvbGVzIjpbeyJyb2xlSWQiOjIsInJvbGUiOiJVU0VSIn1dLCJ1c2VyTmFtZSI6InJha2FzaEB5b3BtYWlsLmNvbSIsImV4cCI6MTYyOTAxMzQ1NSwiaWF0IjoxNjE5MDEzNDU1fQ.K8BrsOIoFZ36OduNKOKiqnlzM395j62c5hBPuXer3GM','2021-05-03 09:14:15','RESET_PASSWORD_TOKEN',NULL,5),(20,'siemenss ','2021-04-21 19:28:11','2021-04-21 19:28:11',NULL,'eyJhbGciOiJIUzI1NiJ9.eyJhdXRoIjoiQURNSU4iLCJyb2xlcyI6W3sicm9sZUlkIjoxLCJyb2xlIjoiQURNSU4ifV0sInVzZXJOYW1lIjoic2llbWVuc0B5b3BtYWlsLmNvbSIsImV4cCI6MTYyOTAxMzQ5MSwiaWF0IjoxNjE5MDEzNDkxfQ.EMGV0P8_eb1seOAa1yOGUnAhavZ_U4IDu_T6DVhDXDY','2021-08-15 13:14:51','LOGIN_TOKEN',_binary '\0',1),(21,'siemens@yopmail.com','2021-04-21 19:28:46','2021-04-21 19:28:46','siemens@yopmail.com','eyJhbGciOiJIUzI1NiJ9.eyJhdXRoIjoiVVNFUiIsInJvbGVzIjpbeyJyb2xlSWQiOjIsInJvbGUiOiJVU0VSIn1dLCJ1c2VyTmFtZSI6ImtAeW9wbWFpbC5jb20iLCJleHAiOjE2MjkwMTM1MjYsImlhdCI6MTYxOTAxMzUyNn0.ySfv0gQSuqzYfcvrfvIA77n3rfrMz_gwM4iUCtxabAc','2021-05-03 09:15:26','RESET_PASSWORD_TOKEN',NULL,6),(22,'siemenss ','2021-04-21 19:29:01','2021-04-21 19:29:01',NULL,'eyJhbGciOiJIUzI1NiJ9.eyJhdXRoIjoiQURNSU4iLCJyb2xlcyI6W3sicm9sZUlkIjoxLCJyb2xlIjoiQURNSU4ifV0sInVzZXJOYW1lIjoic2llbWVuc0B5b3BtYWlsLmNvbSIsImV4cCI6MTYyOTAxMzU0MCwiaWF0IjoxNjE5MDEzNTQwfQ.qPILju05x_dON_Gysu0J6HpgHhFCUworosstttcIoVg','2021-08-15 13:15:41','LOGIN_TOKEN',_binary '\0',1),(23,'siemenss ','2021-04-21 19:34:46','2021-04-21 19:34:46',NULL,'eyJhbGciOiJIUzI1NiJ9.eyJhdXRoIjoiQURNSU4iLCJyb2xlcyI6W3sicm9sZUlkIjoxLCJyb2xlIjoiQURNSU4ifV0sInVzZXJOYW1lIjoic2llbWVuc0B5b3BtYWlsLmNvbSIsImV4cCI6MTYyOTAxMzg4NiwiaWF0IjoxNjE5MDEzODg2fQ.5SovqFBlYPQqeh5N_B9a95zXlCtgk3IItFTVDVeEeGI','2021-08-15 13:21:26','LOGIN_TOKEN',_binary '\0',1),(24,'siemenss ','2021-04-21 19:35:01','2021-04-21 19:35:01',NULL,'eyJhbGciOiJIUzI1NiJ9.eyJhdXRoIjoiQURNSU4iLCJyb2xlcyI6W3sicm9sZUlkIjoxLCJyb2xlIjoiQURNSU4ifV0sInVzZXJOYW1lIjoic2llbWVuc0B5b3BtYWlsLmNvbSIsImV4cCI6MTYyOTAxMzkwMCwiaWF0IjoxNjE5MDEzOTAwfQ.qRooe7zzGXFF1VrZ9gthlyjtEs9aOETP3pxN0vN-w2g','2021-08-15 13:21:41','LOGIN_TOKEN',_binary '\0',1),(25,'siemenss ','2021-04-21 19:35:34','2021-04-21 19:35:34',NULL,'eyJhbGciOiJIUzI1NiJ9.eyJhdXRoIjoiQURNSU4iLCJyb2xlcyI6W3sicm9sZUlkIjoxLCJyb2xlIjoiQURNSU4ifV0sInVzZXJOYW1lIjoic2llbWVuc0B5b3BtYWlsLmNvbSIsImV4cCI6MTYyOTAxMzkzNCwiaWF0IjoxNjE5MDEzOTM0fQ.ak5mu9HzDSK6QXAnoXZtB6j-7VxvNXkrKkviVdHXlcM','2021-08-15 13:22:14','LOGIN_TOKEN',_binary '\0',1),(26,'siemenss ','2021-04-21 19:42:08','2021-04-21 19:42:08',NULL,'eyJhbGciOiJIUzI1NiJ9.eyJhdXRoIjoiQURNSU4iLCJyb2xlcyI6W3sicm9sZUlkIjoxLCJyb2xlIjoiQURNSU4ifV0sInVzZXJOYW1lIjoic2llbWVuc0B5b3BtYWlsLmNvbSIsImV4cCI6MTYyOTAxNDMyNywiaWF0IjoxNjE5MDE0MzI3fQ.UFLo4nB4OzZPVn1e9m-iN2Ghmw5PwyKm7iKs84w_qHw','2021-08-15 13:28:48','LOGIN_TOKEN',_binary '\0',1),(27,'siemenss ','2021-04-21 19:42:42','2021-04-21 19:42:42',NULL,'eyJhbGciOiJIUzI1NiJ9.eyJhdXRoIjoiQURNSU4iLCJyb2xlcyI6W3sicm9sZUlkIjoxLCJyb2xlIjoiQURNSU4ifV0sInVzZXJOYW1lIjoic2llbWVuc0B5b3BtYWlsLmNvbSIsImV4cCI6MTYyOTAxNDM2MSwiaWF0IjoxNjE5MDE0MzYxfQ.dkr30hAxMwzsGE_2bueAVsXSxfzOTWkBxe9VoUZPpwA','2021-08-15 13:29:22','LOGIN_TOKEN',_binary '\0',1),(28,'siemenss ','2021-04-21 19:42:52','2021-04-21 19:42:52',NULL,'eyJhbGciOiJIUzI1NiJ9.eyJhdXRoIjoiQURNSU4iLCJyb2xlcyI6W3sicm9sZUlkIjoxLCJyb2xlIjoiQURNSU4ifV0sInVzZXJOYW1lIjoic2llbWVuc0B5b3BtYWlsLmNvbSIsImV4cCI6MTYyOTAxNDM3MSwiaWF0IjoxNjE5MDE0MzcxfQ.YGqnOExr2O0ntnT1_ATmKcZFb0YFVmEzM1PKv8g8fqw','2021-08-15 13:29:32','LOGIN_TOKEN',_binary '\0',1),(29,'siemenss ','2021-04-21 19:42:59','2021-04-21 19:42:59',NULL,'eyJhbGciOiJIUzI1NiJ9.eyJhdXRoIjoiQURNSU4iLCJyb2xlcyI6W3sicm9sZUlkIjoxLCJyb2xlIjoiQURNSU4ifV0sInVzZXJOYW1lIjoic2llbWVuc0B5b3BtYWlsLmNvbSIsImV4cCI6MTYyOTAxNDM3OCwiaWF0IjoxNjE5MDE0Mzc4fQ.Cd1D6Qn37N6-kbQSO2hVUd1iu2CCp80KTCaS-THPPOA','2021-08-15 13:29:39','LOGIN_TOKEN',_binary '\0',1),(30,'siemenss ','2021-04-21 19:43:06','2021-04-21 19:43:06',NULL,'eyJhbGciOiJIUzI1NiJ9.eyJhdXRoIjoiQURNSU4iLCJyb2xlcyI6W3sicm9sZUlkIjoxLCJyb2xlIjoiQURNSU4ifV0sInVzZXJOYW1lIjoic2llbWVuc0B5b3BtYWlsLmNvbSIsImV4cCI6MTYyOTAxNDM4NiwiaWF0IjoxNjE5MDE0Mzg2fQ.JfNVVV-kp0H5Yb1l1WQ56uR9g3MIxOuuXJT36dwNIuQ','2021-08-15 13:29:46','LOGIN_TOKEN',_binary '\0',1),(31,'siemenss ','2021-04-21 19:43:25','2021-04-21 19:43:25',NULL,'eyJhbGciOiJIUzI1NiJ9.eyJhdXRoIjoiQURNSU4iLCJyb2xlcyI6W3sicm9sZUlkIjoxLCJyb2xlIjoiQURNSU4ifV0sInVzZXJOYW1lIjoic2llbWVuc0B5b3BtYWlsLmNvbSIsImV4cCI6MTYyOTAxNDQwNSwiaWF0IjoxNjE5MDE0NDA1fQ.37hzLckbKFNcqjWxIeKIQpI-SJ5XHG-CIbOMKJohe4w','2021-08-15 13:30:05','LOGIN_TOKEN',_binary '\0',1),(32,'siemenss ','2021-04-21 19:43:34','2021-04-21 19:43:34',NULL,'eyJhbGciOiJIUzI1NiJ9.eyJhdXRoIjoiQURNSU4iLCJyb2xlcyI6W3sicm9sZUlkIjoxLCJyb2xlIjoiQURNSU4ifV0sInVzZXJOYW1lIjoic2llbWVuc0B5b3BtYWlsLmNvbSIsImV4cCI6MTYyOTAxNDQxMywiaWF0IjoxNjE5MDE0NDEzfQ.NJ7bivg0Rh_nPB4YkQMP2kFEfUZdzwfPH2JGhOG9Y2A','2021-08-15 13:30:14','LOGIN_TOKEN',_binary '\0',1),(33,'siemenss ','2021-04-21 19:43:46','2021-04-21 19:43:46',NULL,'eyJhbGciOiJIUzI1NiJ9.eyJhdXRoIjoiQURNSU4iLCJyb2xlcyI6W3sicm9sZUlkIjoxLCJyb2xlIjoiQURNSU4ifV0sInVzZXJOYW1lIjoic2llbWVuc0B5b3BtYWlsLmNvbSIsImV4cCI6MTYyOTAxNDQyNSwiaWF0IjoxNjE5MDE0NDI1fQ.I6hxXKyj0_bfiiie-c038KH-DJ9grRBiPXhgbIvmlXI','2021-08-15 13:30:26','LOGIN_TOKEN',_binary '\0',1),(34,'siemenss ','2021-04-23 11:10:59','2021-04-23 11:10:59',NULL,'eyJhbGciOiJIUzI1NiJ9.eyJhdXRoIjoiQURNSU4iLCJyb2xlcyI6W3sicm9sZUlkIjoxLCJyb2xlIjoiQURNSU4ifV0sInVzZXJOYW1lIjoic2llbWVuc0B5b3BtYWlsLmNvbSIsImV4cCI6MTYyOTE1NjQ1OCwiaWF0IjoxNjE5MTU2NDU4fQ.9tGsOFcf32RsKLbbjreS6bud-wWGKt54T8xuu1v0508','2021-08-17 04:57:39','LOGIN_TOKEN',_binary '\0',1),(35,'siemenss ','2021-04-23 11:28:58','2021-04-23 11:28:58',NULL,'eyJhbGciOiJIUzI1NiJ9.eyJhdXRoIjoiQURNSU4iLCJyb2xlcyI6W3sicm9sZUlkIjoxLCJyb2xlIjoiQURNSU4ifV0sInVzZXJOYW1lIjoic2llbWVuc0B5b3BtYWlsLmNvbSIsImV4cCI6MTYyOTE1NzUzNywiaWF0IjoxNjE5MTU3NTM3fQ.O3-eU0kLp7t64OlHf5NB9wfy7th6jKkuVcx62eS5dyg','2021-08-17 05:15:38','LOGIN_TOKEN',_binary '\0',1),(36,'siemenss ','2021-04-23 12:08:18','2021-04-23 12:08:18',NULL,'eyJhbGciOiJIUzI1NiJ9.eyJhdXRoIjoiQURNSU4iLCJyb2xlcyI6W3sicm9sZUlkIjoxLCJyb2xlIjoiQURNSU4ifV0sInVzZXJOYW1lIjoic2llbWVuc0B5b3BtYWlsLmNvbSIsImV4cCI6MTYyOTE1OTg5NywiaWF0IjoxNjE5MTU5ODk3fQ.13ZvrOAQRgCbiujF0G7WJ0RX3w728ULG6G94CgS9i0k','2021-08-17 05:54:58','LOGIN_TOKEN',_binary '\0',1),(37,'siemenss ','2021-04-23 13:45:43','2021-04-23 13:45:43',NULL,'eyJhbGciOiJIUzI1NiJ9.eyJhdXRoIjoiQURNSU4iLCJyb2xlcyI6W3sicm9sZUlkIjoxLCJyb2xlIjoiQURNSU4ifV0sInVzZXJOYW1lIjoic2llbWVuc0B5b3BtYWlsLmNvbSIsImV4cCI6MTYyOTE2NTc0MiwiaWF0IjoxNjE5MTY1NzQyfQ.KlMj6mxOMq1SEndLBx2NSutZqy4N-hMXpkQ105p79EE','2021-08-17 07:32:23','LOGIN_TOKEN',_binary '\0',1),(38,'siemenss ','2021-04-23 13:46:58','2021-04-23 13:46:58',NULL,'eyJhbGciOiJIUzI1NiJ9.eyJhdXRoIjoiQURNSU4iLCJyb2xlcyI6W3sicm9sZUlkIjoxLCJyb2xlIjoiQURNSU4ifV0sInVzZXJOYW1lIjoic2llbWVuc0B5b3BtYWlsLmNvbSIsImV4cCI6MTYyOTE2NTgxOCwiaWF0IjoxNjE5MTY1ODE4fQ.9QdoO-G1s0E4bRhykHcNB1vTnoL_aGlg0gAMy-mv03E','2021-08-17 07:33:38','LOGIN_TOKEN',_binary '\0',1),(39,'siemenss ','2021-04-23 13:49:28','2021-04-23 13:49:28',NULL,'eyJhbGciOiJIUzI1NiJ9.eyJhdXRoIjoiQURNSU4iLCJyb2xlcyI6W3sicm9sZUlkIjoxLCJyb2xlIjoiQURNSU4ifV0sInVzZXJOYW1lIjoic2llbWVuc0B5b3BtYWlsLmNvbSIsImV4cCI6MTYyOTE2NTk2OCwiaWF0IjoxNjE5MTY1OTY4fQ.ppyA3fo94tAEKgxYb62KrOgkIQ6b4R_chiy4PoL-gJI','2021-08-17 07:36:08','LOGIN_TOKEN',_binary '\0',1),(40,'siemenss ','2021-04-23 15:59:25','2021-04-23 15:59:25',NULL,'eyJhbGciOiJIUzI1NiJ9.eyJhdXRoIjoiQURNSU4iLCJyb2xlcyI6W3sicm9sZUlkIjoxLCJyb2xlIjoiQURNSU4ifV0sInVzZXJOYW1lIjoic2llbWVuc0B5b3BtYWlsLmNvbSIsImV4cCI6MTYyOTE3Mzc2NCwiaWF0IjoxNjE5MTczNzY0fQ._bgXr00LVl1lLrSzIZjn6LHJiWzqnT3mNh73QTD7BCo','2021-08-17 09:46:05','LOGIN_TOKEN',_binary '\0',1),(41,'siemenss ','2021-04-23 16:01:44','2021-04-23 16:01:44',NULL,'eyJhbGciOiJIUzI1NiJ9.eyJhdXRoIjoiQURNSU4iLCJyb2xlcyI6W3sicm9sZUlkIjoxLCJyb2xlIjoiQURNSU4ifV0sInVzZXJOYW1lIjoic2llbWVuc0B5b3BtYWlsLmNvbSIsImV4cCI6MTYyOTE3MzkwNCwiaWF0IjoxNjE5MTczOTA0fQ.FYvLJvoXZCqBNkTooGCmViO-_MWN2eEVvrdtmHfEuLU','2021-08-17 09:48:24','LOGIN_TOKEN',_binary '\0',1),(42,'siemenss ','2021-04-23 16:02:20','2021-04-23 16:02:20',NULL,'eyJhbGciOiJIUzI1NiJ9.eyJhdXRoIjoiQURNSU4iLCJyb2xlcyI6W3sicm9sZUlkIjoxLCJyb2xlIjoiQURNSU4ifV0sInVzZXJOYW1lIjoic2llbWVuc0B5b3BtYWlsLmNvbSIsImV4cCI6MTYyOTE3Mzk0MCwiaWF0IjoxNjE5MTczOTQwfQ.W_hXSj7Ns5sBW5_ZV7nLJe4tKsgLEcieXbKhcvtv_QQ','2021-08-17 09:49:00','LOGIN_TOKEN',_binary '\0',1),(43,'siemenss ','2021-04-23 16:03:22','2021-04-23 16:03:22',NULL,'eyJhbGciOiJIUzI1NiJ9.eyJhdXRoIjoiQURNSU4iLCJyb2xlcyI6W3sicm9sZUlkIjoxLCJyb2xlIjoiQURNSU4ifV0sInVzZXJOYW1lIjoic2llbWVuc0B5b3BtYWlsLmNvbSIsImV4cCI6MTYyOTE3NDAwMSwiaWF0IjoxNjE5MTc0MDAxfQ._-hTieU5w4NGEklPcIGmmQu14xQmwUDvH6MfYkz0M5k','2021-08-17 09:50:02','LOGIN_TOKEN',_binary '\0',1),(44,'siemenss ','2021-04-23 16:04:32','2021-04-23 16:04:32',NULL,'eyJhbGciOiJIUzI1NiJ9.eyJhdXRoIjoiQURNSU4iLCJyb2xlcyI6W3sicm9sZUlkIjoxLCJyb2xlIjoiQURNSU4ifV0sInVzZXJOYW1lIjoic2llbWVuc0B5b3BtYWlsLmNvbSIsImV4cCI6MTYyOTE3NDA3MiwiaWF0IjoxNjE5MTc0MDcyfQ.BHfwaz5tPl3gvB0VIg1caItuBEqXGQrh0fk9juNvrWE','2021-08-17 09:51:12','LOGIN_TOKEN',_binary '\0',1),(46,'siemenss ','2021-04-23 16:05:29','2021-04-23 16:05:29',NULL,'eyJhbGciOiJIUzI1NiJ9.eyJhdXRoIjoiQURNSU4iLCJyb2xlcyI6W3sicm9sZUlkIjoxLCJyb2xlIjoiQURNSU4ifV0sInVzZXJOYW1lIjoic2llbWVuc0B5b3BtYWlsLmNvbSIsImV4cCI6MTYyOTE3NDEyOCwiaWF0IjoxNjE5MTc0MTI4fQ.xQ_qbNZYdrA5mRhXNf-JakkUYoCZEY7k-dKx-Riq7-g','2021-08-17 09:52:09','LOGIN_TOKEN',_binary '\0',1),(47,'siemenss ','2021-04-23 16:07:27','2021-04-23 16:07:27',NULL,'eyJhbGciOiJIUzI1NiJ9.eyJhdXRoIjoiQURNSU4iLCJyb2xlcyI6W3sicm9sZUlkIjoxLCJyb2xlIjoiQURNSU4ifV0sInVzZXJOYW1lIjoic2llbWVuc0B5b3BtYWlsLmNvbSIsImV4cCI6MTYyOTE3NDI0NywiaWF0IjoxNjE5MTc0MjQ3fQ.TK0HbX3wmi_jenTc95NSJF6rFSRWejUimzQ3sTPQgh4','2021-08-17 09:54:07','LOGIN_TOKEN',_binary '\0',1),(48,'siemens@yopmail.com','2021-04-23 16:07:55','2021-04-23 16:07:55','siemens@yopmail.com','eyJhbGciOiJIUzI1NiJ9.eyJhdXRoIjoiVVNFUiIsInJvbGVzIjpbeyJyb2xlSWQiOjIsInJvbGUiOiJVU0VSIn1dLCJ1c2VyTmFtZSI6ImNzaGVraGFyQHlvcG1haWwuY29tIiwiZXhwIjoxNjI5MTc0Mjc1LCJpYXQiOjE2MTkxNzQyNzV9.sy8uTgMg9SsbihWAlTjO1r12S9tVhQ8Cl6hA8Zk21M8','2021-05-05 05:54:35','RESET_PASSWORD_TOKEN',NULL,8),(49,'siemenss ','2021-04-23 16:08:14','2021-04-23 16:08:14',NULL,'eyJhbGciOiJIUzI1NiJ9.eyJhdXRoIjoiQURNSU4iLCJyb2xlcyI6W3sicm9sZUlkIjoxLCJyb2xlIjoiQURNSU4ifV0sInVzZXJOYW1lIjoic2llbWVuc0B5b3BtYWlsLmNvbSIsImV4cCI6MTYyOTE3NDI5NCwiaWF0IjoxNjE5MTc0Mjk0fQ.3ZXh3l4wz6dTRo8ZhJBW6z4JNjhCHhFHTZW2L-1bCSQ','2021-08-17 09:54:54','LOGIN_TOKEN',_binary '\0',1),(50,'siemenss ','2021-04-23 16:09:12','2021-04-23 16:09:12',NULL,'eyJhbGciOiJIUzI1NiJ9.eyJhdXRoIjoiQURNSU4iLCJyb2xlcyI6W3sicm9sZUlkIjoxLCJyb2xlIjoiQURNSU4ifV0sInVzZXJOYW1lIjoic2llbWVuc0B5b3BtYWlsLmNvbSIsImV4cCI6MTYyOTE3NDM1MiwiaWF0IjoxNjE5MTc0MzUyfQ.ZXwAm1HaMo2Dl_fnWricHQuDggTD97fz7X0OG5hKPZc','2021-08-17 09:55:52','LOGIN_TOKEN',_binary '\0',1),(51,'siemenss ','2021-04-23 16:17:33','2021-04-23 16:17:33',NULL,'eyJhbGciOiJIUzI1NiJ9.eyJhdXRoIjoiQURNSU4iLCJyb2xlcyI6W3sicm9sZUlkIjoxLCJyb2xlIjoiQURNSU4ifV0sInVzZXJOYW1lIjoic2llbWVuc0B5b3BtYWlsLmNvbSIsImV4cCI6MTYyOTE3NDg1MywiaWF0IjoxNjE5MTc0ODUzfQ.KfC-U4k3Hh12IFZAgvjrBKeWl_BBbMWlFtsbUJYiX_A','2021-08-17 10:04:13','LOGIN_TOKEN',_binary '\0',1),(52,'siemenss ','2021-04-23 16:20:38','2021-04-23 16:20:38',NULL,'eyJhbGciOiJIUzI1NiJ9.eyJhdXRoIjoiQURNSU4iLCJyb2xlcyI6W3sicm9sZUlkIjoxLCJyb2xlIjoiQURNSU4ifV0sInVzZXJOYW1lIjoic2llbWVuc0B5b3BtYWlsLmNvbSIsImV4cCI6MTYyOTE3NTAzOCwiaWF0IjoxNjE5MTc1MDM4fQ.Bkzp7njNX-bwUoo_eQyetGxr2YRrgjSasC9cCW1guU0','2021-08-17 10:07:18','LOGIN_TOKEN',_binary '\0',1),(53,'siemenss ','2021-04-23 16:27:32','2021-04-23 16:27:32',NULL,'eyJhbGciOiJIUzI1NiJ9.eyJhdXRoIjoiQURNSU4iLCJyb2xlcyI6W3sicm9sZUlkIjoxLCJyb2xlIjoiQURNSU4ifV0sInVzZXJOYW1lIjoic2llbWVuc0B5b3BtYWlsLmNvbSIsImV4cCI6MTYyOTE3NTQ1MiwiaWF0IjoxNjE5MTc1NDUyfQ.dJ_YHlVAtZ6oKDKRRJoOJBJwtueckHfd-uU44qVoDas','2021-08-17 10:14:12','LOGIN_TOKEN',_binary '\0',1),(54,'siemenss ','2021-04-26 10:45:39','2021-04-26 10:45:39',NULL,'eyJhbGciOiJIUzI1NiJ9.eyJhdXRoIjoiQURNSU4iLCJyb2xlcyI6W3sicm9sZUlkIjoxLCJyb2xlIjoiQURNSU4ifV0sInVzZXJOYW1lIjoic2llbWVuc0B5b3BtYWlsLmNvbSIsImV4cCI6MTYyOTQxNDEzOCwiaWF0IjoxNjE5NDE0MTM4fQ.9hmcV9t5nHJ7t21cUO-pT6kE5jOIPK7HgwEz3XiDSYE','2021-08-20 04:32:19','LOGIN_TOKEN',_binary '\0',1),(55,'siemenss ','2021-04-26 10:46:12','2021-04-26 10:46:12',NULL,'eyJhbGciOiJIUzI1NiJ9.eyJhdXRoIjoiQURNSU4iLCJyb2xlcyI6W3sicm9sZUlkIjoxLCJyb2xlIjoiQURNSU4ifV0sInVzZXJOYW1lIjoic2llbWVuc0B5b3BtYWlsLmNvbSIsImV4cCI6MTYyOTQxNDE3MiwiaWF0IjoxNjE5NDE0MTcyfQ.UeCkBwGqZR6r31BHsY2IiMBEAIXaD7xx3gfBR1g0iwI','2021-08-20 04:32:52','LOGIN_TOKEN',_binary '\0',1),(56,'siemenss ','2021-04-26 10:52:29','2021-04-26 10:52:29',NULL,'eyJhbGciOiJIUzI1NiJ9.eyJhdXRoIjoiQURNSU4iLCJyb2xlcyI6W3sicm9sZUlkIjoxLCJyb2xlIjoiQURNSU4ifV0sInVzZXJOYW1lIjoic2llbWVuc0B5b3BtYWlsLmNvbSIsImV4cCI6MTYyOTQxNDU0OCwiaWF0IjoxNjE5NDE0NTQ4fQ.F0Dqi7fG3PgvJtYqRthG632Yq_yaX5-tb2B9zNASujc','2021-08-20 04:39:09','LOGIN_TOKEN',_binary '\0',1),(57,'siemenss ','2021-04-26 10:53:10','2021-04-26 10:53:10',NULL,'eyJhbGciOiJIUzI1NiJ9.eyJhdXRoIjoiQURNSU4iLCJyb2xlcyI6W3sicm9sZUlkIjoxLCJyb2xlIjoiQURNSU4ifV0sInVzZXJOYW1lIjoic2llbWVuc0B5b3BtYWlsLmNvbSIsImV4cCI6MTYyOTQxNDU4OSwiaWF0IjoxNjE5NDE0NTg5fQ.osghzGC-sQ7fpxpVdOOr-VQW5pBaniUUz1ljjKlA40I','2021-08-20 04:39:50','LOGIN_TOKEN',_binary '\0',1),(58,'siemens@yopmail.com','2021-04-26 10:53:55','2021-04-26 10:53:55','siemens@yopmail.com','eyJhbGciOiJIUzI1NiJ9.eyJhdXRoIjoiSFIiLCJyb2xlcyI6W3sicm9sZUlkIjozLCJyb2xlIjoiSFIifV0sInVzZXJOYW1lIjoic3Zpa3JhbUB5b3BtYWlsLmNvbSIsImV4cCI6MTYyOTQxNDYzNCwiaWF0IjoxNjE5NDE0NjM0fQ.y1NRIvt7fK0j32tF-PKbR9w2qLRRlqXbTYXoSgYNhEY','2021-05-08 00:40:34','RESET_PASSWORD_TOKEN',NULL,9),(59,'siemenss ','2021-04-26 14:15:42','2021-04-26 14:15:42',NULL,'eyJhbGciOiJIUzI1NiJ9.eyJhdXRoIjoiQURNSU4iLCJyb2xlcyI6W3sicm9sZUlkIjoxLCJyb2xlIjoiQURNSU4ifV0sInVzZXJOYW1lIjoic2llbWVuc0B5b3BtYWlsLmNvbSIsImV4cCI6MTYyOTQyNjc0MSwiaWF0IjoxNjE5NDI2NzQxfQ.H4NTWICzt-dra4OMhO3sXlHzlRgVVxRBp5ay5IhnsEQ','2021-08-20 08:02:22','LOGIN_TOKEN',_binary '\0',1),(60,'siemenss ','2021-04-27 08:56:32','2021-04-27 08:56:32',NULL,'eyJhbGciOiJIUzI1NiJ9.eyJhdXRoIjoiQURNSU4iLCJyb2xlcyI6W3sicm9sZUlkIjoxLCJyb2xlIjoiQURNSU4ifV0sInVzZXJOYW1lIjoic2llbWVuc0B5b3BtYWlsLmNvbSIsImV4cCI6MTYyOTQ5Mzk5MSwiaWF0IjoxNjE5NDkzOTkxfQ.LZDpoukrhvgPTq2FQTW6eNqd5WwOUxebHoSVIpz08uM','2021-08-21 02:43:12','LOGIN_TOKEN',_binary '\0',1),(61,'siemenss ','2021-04-27 08:56:47','2021-04-27 08:56:47',NULL,'eyJhbGciOiJIUzI1NiJ9.eyJhdXRoIjoiQURNSU4iLCJyb2xlcyI6W3sicm9sZUlkIjoxLCJyb2xlIjoiQURNSU4ifV0sInVzZXJOYW1lIjoic2llbWVuc0B5b3BtYWlsLmNvbSIsImV4cCI6MTYyOTQ5NDAwNywiaWF0IjoxNjE5NDk0MDA3fQ.7gdprXi6f89ecZkFELqC6M_kdpOAMWigx7gbkjr5CXI','2021-08-21 02:43:27','LOGIN_TOKEN',_binary '\0',1),(62,'siemenss ','2021-04-27 09:34:19','2021-04-27 09:34:19',NULL,'eyJhbGciOiJIUzI1NiJ9.eyJhdXRoIjoiQURNSU4iLCJyb2xlcyI6W3sicm9sZUlkIjoxLCJyb2xlIjoiQURNSU4ifV0sInVzZXJOYW1lIjoic2llbWVuc0B5b3BtYWlsLmNvbSIsImV4cCI6MTYyOTQ5NjI1OCwiaWF0IjoxNjE5NDk2MjU4fQ.ORBADhit8nLnP5U4rPfytY-9P1agoq_uBB48i8f0e18','2021-08-21 03:20:59','LOGIN_TOKEN',_binary '\0',1),(63,'siemens@yopmail.com','2021-04-27 09:35:39','2021-04-27 09:35:39','siemens@yopmail.com','eyJhbGciOiJIUzI1NiJ9.eyJhdXRoIjoiSFIiLCJyb2xlcyI6W3sicm9sZUlkIjozLCJyb2xlIjoiSFIifV0sInVzZXJOYW1lIjoicHJhamVzaEB5b3BtYWlsLmNvbSIsImV4cCI6MTYyOTQ5NjMzOCwiaWF0IjoxNjE5NDk2MzM4fQ.76HbJDq6b3NMc9_o7-ETyTZJ0kSbe3ukBHjhW3JGaOc','2021-05-08 23:22:19','RESET_PASSWORD_TOKEN',NULL,10),(64,'siemenss ','2021-04-27 11:08:05','2021-04-27 11:08:05',NULL,'eyJhbGciOiJIUzI1NiJ9.eyJhdXRoIjoiQURNSU4iLCJyb2xlcyI6W3sicm9sZUlkIjoxLCJyb2xlIjoiQURNSU4ifV0sInVzZXJOYW1lIjoic2llbWVuc0B5b3BtYWlsLmNvbSIsImV4cCI6MTYyOTUwMTg4NSwiaWF0IjoxNjE5NTAxODg1fQ.12zNCdeopO_OXKTemETCC-R1kXCHrTjy-SXfzZuPxNs','2021-08-21 04:54:45','LOGIN_TOKEN',_binary '\0',1),(65,'siemenss ','2021-04-27 11:10:18','2021-04-27 11:10:18',NULL,'eyJhbGciOiJIUzI1NiJ9.eyJhdXRoIjoiQURNSU4iLCJyb2xlcyI6W3sicm9sZUlkIjoxLCJyb2xlIjoiQURNSU4ifV0sInVzZXJOYW1lIjoic2llbWVuc0B5b3BtYWlsLmNvbSIsImV4cCI6MTYyOTUwMjAxNywiaWF0IjoxNjE5NTAyMDE3fQ.sU2xQ6KFO-LzHOVzAozFT6rDeTiUz9Yz2S1HRkVSyo0','2021-08-21 04:56:58','LOGIN_TOKEN',_binary '\0',1),(66,'siemenss ','2021-04-27 11:10:31','2021-04-27 11:10:31',NULL,'eyJhbGciOiJIUzI1NiJ9.eyJhdXRoIjoiQURNSU4iLCJyb2xlcyI6W3sicm9sZUlkIjoxLCJyb2xlIjoiQURNSU4ifV0sInVzZXJOYW1lIjoic2llbWVuc0B5b3BtYWlsLmNvbSIsImV4cCI6MTYyOTUwMjAzMSwiaWF0IjoxNjE5NTAyMDMxfQ.o9VtltmDmfirdM2b6XH81_9ZnPmkzCriiyKAEjrkviU','2021-08-21 04:57:11','LOGIN_TOKEN',_binary '\0',1),(67,'siemenss ','2021-04-27 21:00:54','2021-04-27 21:00:54',NULL,'eyJhbGciOiJIUzI1NiJ9.eyJhdXRoIjoiQURNSU4iLCJyb2xlcyI6W3sicm9sZUlkIjoxLCJyb2xlIjoiQURNSU4ifV0sInVzZXJOYW1lIjoic2llbWVuc0B5b3BtYWlsLmNvbSIsImV4cCI6MTYyOTUzNzQ1MywiaWF0IjoxNjE5NTM3NDUzfQ.Wrb4qfZNS3VTyjbAAlbd0NxgZaEVCR-rLP70FOrCiH8','2021-08-21 14:47:34','LOGIN_TOKEN',_binary '\0',1),(68,'siemenss ','2021-04-27 21:14:28','2021-04-27 21:14:28',NULL,'eyJhbGciOiJIUzI1NiJ9.eyJhdXRoIjoiQURNSU4iLCJyb2xlcyI6W3sicm9sZUlkIjoxLCJyb2xlIjoiQURNSU4ifV0sInVzZXJOYW1lIjoic2llbWVuc0B5b3BtYWlsLmNvbSIsImV4cCI6MTYyOTUzODI2NywiaWF0IjoxNjE5NTM4MjY3fQ.6uJPww-qZ7Vd87Kw2iQJWvVqm8TkebwYYct8HVcbUwY','2021-08-21 15:01:08','LOGIN_TOKEN',_binary '\0',1),(69,'siemenss ','2021-04-27 21:25:07','2021-04-27 21:25:07',NULL,'eyJhbGciOiJIUzI1NiJ9.eyJhdXRoIjoiQURNSU4iLCJyb2xlcyI6W3sicm9sZUlkIjoxLCJyb2xlIjoiQURNSU4ifV0sInVzZXJOYW1lIjoic2llbWVuc0B5b3BtYWlsLmNvbSIsImV4cCI6MTYyOTUzODkwNiwiaWF0IjoxNjE5NTM4OTA2fQ.l-Lngvn9er5CtZH7_hTuOn9x88Z2l_SmO53QPTns88I','2021-08-21 15:11:47','LOGIN_TOKEN',_binary '\0',1),(70,'siemenss ','2021-04-28 11:08:47','2021-04-28 11:08:47',NULL,'eyJhbGciOiJIUzI1NiJ9.eyJhdXRoIjoiQURNSU4iLCJyb2xlcyI6W3sicm9sZUlkIjoxLCJyb2xlIjoiQURNSU4ifV0sInVzZXJOYW1lIjoic2llbWVuc0B5b3BtYWlsLmNvbSIsImV4cCI6MTYyOTU4ODMyNiwiaWF0IjoxNjE5NTg4MzI2fQ.LpT1YmbJ6K1S8v_1KHfaafmIlHgxD-Hr2hYTs_qsKpE','2021-08-22 04:55:27','LOGIN_TOKEN',_binary '\0',1),(71,'siemenss ','2021-04-28 11:09:28','2021-04-28 11:09:28',NULL,'eyJhbGciOiJIUzI1NiJ9.eyJhdXRoIjoiQURNSU4iLCJyb2xlcyI6W3sicm9sZUlkIjoxLCJyb2xlIjoiQURNSU4ifV0sInVzZXJOYW1lIjoic2llbWVuc0B5b3BtYWlsLmNvbSIsImV4cCI6MTYyOTU4ODM2NywiaWF0IjoxNjE5NTg4MzY3fQ.kbu1DYEIdA-9YHDFEP7ZO5mc30cJuh-KddD8S0frySw','2021-08-22 04:56:08','LOGIN_TOKEN',_binary '\0',1),(72,'siemenss ','2021-04-28 11:09:36','2021-04-28 11:09:36',NULL,'eyJhbGciOiJIUzI1NiJ9.eyJhdXRoIjoiQURNSU4iLCJyb2xlcyI6W3sicm9sZUlkIjoxLCJyb2xlIjoiQURNSU4ifV0sInVzZXJOYW1lIjoic2llbWVuc0B5b3BtYWlsLmNvbSIsImV4cCI6MTYyOTU4ODM3NSwiaWF0IjoxNjE5NTg4Mzc1fQ.nxyu5ICN6RW2CzQ09wBv5pHlXDDH3oasaz9_nHmdA-4','2021-08-22 04:56:16','LOGIN_TOKEN',_binary '\0',1),(73,'siemenss ','2021-04-28 11:10:40','2021-04-28 11:10:40',NULL,'eyJhbGciOiJIUzI1NiJ9.eyJhdXRoIjoiQURNSU4iLCJyb2xlcyI6W3sicm9sZUlkIjoxLCJyb2xlIjoiQURNSU4ifV0sInVzZXJOYW1lIjoic2llbWVuc0B5b3BtYWlsLmNvbSIsImV4cCI6MTYyOTU4ODQzOSwiaWF0IjoxNjE5NTg4NDM5fQ.RerrQrVNH9_-zwhhgdzQxVr-2B8mmZGyIN8u4njDL_Y','2021-08-22 04:57:20','LOGIN_TOKEN',_binary '\0',1),(74,'siemenss ','2021-04-28 11:11:09','2021-04-28 11:11:09',NULL,'eyJhbGciOiJIUzI1NiJ9.eyJhdXRoIjoiQURNSU4iLCJyb2xlcyI6W3sicm9sZUlkIjoxLCJyb2xlIjoiQURNSU4ifV0sInVzZXJOYW1lIjoic2llbWVuc0B5b3BtYWlsLmNvbSIsImV4cCI6MTYyOTU4ODQ2OSwiaWF0IjoxNjE5NTg4NDY5fQ.PY8sFZxlxk6scstKxHAaRydKz5sCjuM_oqHHWxwdQrk','2021-08-22 04:57:49','LOGIN_TOKEN',_binary '\0',1),(75,'siemenss ','2021-04-28 11:12:58','2021-04-28 11:13:00','siemens@yopmail.com','eyJhbGciOiJIUzI1NiJ9.eyJhdXRoIjoiQURNSU4iLCJyb2xlcyI6W3sicm9sZUlkIjoxLCJyb2xlIjoiQURNSU4ifV0sInVzZXJOYW1lIjoic2llbWVuc0B5b3BtYWlsLmNvbSIsImV4cCI6MTYyOTU4ODU3OCwiaWF0IjoxNjE5NTg4NTc4fQ.nserw68n9NJSlu7JPg922JSWOlYCt9LcJH7xnsWeHpE',NULL,'LOGIN_TOKEN',_binary '',1),(76,'siemenss ','2021-04-28 11:16:26','2021-04-28 11:16:26',NULL,'eyJhbGciOiJIUzI1NiJ9.eyJhdXRoIjoiQURNSU4iLCJyb2xlcyI6W3sicm9sZUlkIjoxLCJyb2xlIjoiQURNSU4ifV0sInVzZXJOYW1lIjoic2llbWVuc0B5b3BtYWlsLmNvbSIsImV4cCI6MTYyOTU4ODc4NiwiaWF0IjoxNjE5NTg4Nzg2fQ.hujBvMwukHYK6Uyea-j8dq6V_21p_3-an_aRKbLj0-A','2021-08-22 05:03:06','LOGIN_TOKEN',_binary '\0',1),(77,'siemenss ','2021-04-28 11:16:51','2021-04-28 11:16:52','siemens@yopmail.com','eyJhbGciOiJIUzI1NiJ9.eyJhdXRoIjoiQURNSU4iLCJyb2xlcyI6W3sicm9sZUlkIjoxLCJyb2xlIjoiQURNSU4ifV0sInVzZXJOYW1lIjoic2llbWVuc0B5b3BtYWlsLmNvbSIsImV4cCI6MTYyOTU4ODgxMCwiaWF0IjoxNjE5NTg4ODEwfQ.Ft3oTE0sf6H2zuL6Z2uA7PdoDKvsQ0v9i98EZ9ycyIY',NULL,'LOGIN_TOKEN',_binary '',1),(78,'siemenss ','2021-04-28 11:17:18','2021-04-28 11:17:21','siemens@yopmail.com','eyJhbGciOiJIUzI1NiJ9.eyJhdXRoIjoiQURNSU4iLCJyb2xlcyI6W3sicm9sZUlkIjoxLCJyb2xlIjoiQURNSU4ifV0sInVzZXJOYW1lIjoic2llbWVuc0B5b3BtYWlsLmNvbSIsImV4cCI6MTYyOTU4ODgzNywiaWF0IjoxNjE5NTg4ODM3fQ.tIAUCZ9FpEu6TSyGnuJmuzDJ3UkpA4EXuWNfX8mfmRA',NULL,'LOGIN_TOKEN',_binary '',1),(79,'siemenss ','2021-04-28 11:22:50','2021-04-28 11:22:50',NULL,'eyJhbGciOiJIUzI1NiJ9.eyJhdXRoIjoiQURNSU4iLCJyb2xlcyI6W3sicm9sZUlkIjoxLCJyb2xlIjoiQURNSU4ifV0sInVzZXJOYW1lIjoic2llbWVuc0B5b3BtYWlsLmNvbSIsImV4cCI6MTYyOTU4OTE2OSwiaWF0IjoxNjE5NTg5MTY5fQ.N_Hvi3lRSQhoBTBTs1_KRXb0vRAkLA7ELKbrvXcmMpU','2021-08-22 05:09:30','LOGIN_TOKEN',_binary '\0',1),(80,'siemenss ','2021-04-28 11:30:02','2021-04-28 11:30:02',NULL,'eyJhbGciOiJIUzI1NiJ9.eyJhdXRoIjoiQURNSU4iLCJyb2xlcyI6W3sicm9sZUlkIjoxLCJyb2xlIjoiQURNSU4ifV0sInVzZXJOYW1lIjoic2llbWVuc0B5b3BtYWlsLmNvbSIsImV4cCI6MTYyOTU4OTYwMiwiaWF0IjoxNjE5NTg5NjAyfQ.lkGSq2c2PlNoQETfBUzq7ivZf_Co0RkwqbpeOXawNoo','2021-08-22 05:16:42','LOGIN_TOKEN',_binary '\0',1),(81,'siemenss ','2021-04-28 11:34:00','2021-04-28 11:34:00',NULL,'eyJhbGciOiJIUzI1NiJ9.eyJhdXRoIjoiQURNSU4iLCJyb2xlcyI6W3sicm9sZUlkIjoxLCJyb2xlIjoiQURNSU4ifV0sInVzZXJOYW1lIjoic2llbWVuc0B5b3BtYWlsLmNvbSIsImV4cCI6MTYyOTU4OTgzOSwiaWF0IjoxNjE5NTg5ODM5fQ.eIWcUHfwAW_KHve-6AaXIZljeuwDTJRWctOmrnJ44YQ','2021-08-22 05:20:40','LOGIN_TOKEN',_binary '\0',1),(82,'siemenss ','2021-04-28 11:34:54','2021-04-28 11:34:54',NULL,'eyJhbGciOiJIUzI1NiJ9.eyJhdXRoIjoiQURNSU4iLCJyb2xlcyI6W3sicm9sZUlkIjoxLCJyb2xlIjoiQURNSU4ifV0sInVzZXJOYW1lIjoic2llbWVuc0B5b3BtYWlsLmNvbSIsImV4cCI6MTYyOTU4OTg5NCwiaWF0IjoxNjE5NTg5ODk0fQ.ck6-7TIpO0aC22MtxHzFm4Q1pIZUi5zPXFMZfXProq8','2021-08-22 05:21:34','LOGIN_TOKEN',_binary '\0',1),(83,'siemenss ','2021-04-28 11:35:25','2021-04-28 11:35:25',NULL,'eyJhbGciOiJIUzI1NiJ9.eyJhdXRoIjoiQURNSU4iLCJyb2xlcyI6W3sicm9sZUlkIjoxLCJyb2xlIjoiQURNSU4ifV0sInVzZXJOYW1lIjoic2llbWVuc0B5b3BtYWlsLmNvbSIsImV4cCI6MTYyOTU4OTkyNCwiaWF0IjoxNjE5NTg5OTI0fQ.lz3Tv_FQNa-vAK2v5zZAwOvKbQledxV7Zflo2v65EGU','2021-08-22 05:22:05','LOGIN_TOKEN',_binary '\0',1),(84,'siemenss ','2021-04-28 11:36:36','2021-04-28 11:36:36',NULL,'eyJhbGciOiJIUzI1NiJ9.eyJhdXRoIjoiQURNSU4iLCJyb2xlcyI6W3sicm9sZUlkIjoxLCJyb2xlIjoiQURNSU4ifV0sInVzZXJOYW1lIjoic2llbWVuc0B5b3BtYWlsLmNvbSIsImV4cCI6MTYyOTU4OTk5NiwiaWF0IjoxNjE5NTg5OTk2fQ.VoRBkl3bAIqkxZRSQFT0oXB9L5M6VYphKnNtfgE8YUM','2021-08-22 05:23:16','LOGIN_TOKEN',_binary '\0',1);
/*!40000 ALTER TABLE `token` ENABLE KEYS */;
UNLOCK TABLES;

--
-- Table structure for table `user`
--

DROP TABLE IF EXISTS `user`;
/*!40101 SET @saved_cs_client     = @@character_set_client */;
/*!40101 SET character_set_client = utf8 */;
CREATE TABLE `user` (
  `id` bigint(20) NOT NULL AUTO_INCREMENT,
  `name` varchar(45) DEFAULT NULL,
  `email` varchar(45) DEFAULT NULL,
  `password` varchar(200) DEFAULT NULL,
  `created_date` datetime(6) DEFAULT NULL,
  `last_modified_by` varchar(45) DEFAULT NULL,
  `last_modified_date` datetime(6) DEFAULT NULL,
  `created_by` varchar(45) DEFAULT NULL,
  `is_deleted` bit(1) DEFAULT b'0',
  PRIMARY KEY (`id`)
) ENGINE=InnoDB DEFAULT CHARSET=latin1;
/*!40101 SET character_set_client = @saved_cs_client */;

--
-- Dumping data for table `user`
--

LOCK TABLES `user` WRITE;
/*!40000 ALTER TABLE `user` DISABLE KEYS */;
INSERT INTO `user` VALUES (1,'siemenss ','siemens@yopmail.com','$2a$10$07RTspl5/bIn8wzMkLtcL.yBenMcI5mzqWZLkAIlxHx4EeMyX66lm',NULL,NULL,NULL,NULL,_binary '\0'),(2,NULL,'kakshay@yopmail.com','$2a$10$6L2q3b6YggWWNTYF9RZg8u/KPCwxMYHh1bxwSHAvM0zUevSs2nk76','2021-04-21 19:16:33.304000','siemens@yopmail.com','2021-04-21 19:16:33.304000','siemens@yopmail.com',_binary '\0'),(3,NULL,'desai@yopmail.com','$2a$10$cR2osFaMjogFDTb9LuZAieYuRioTi9L9ZOgQfaouIsvHvBfmKA44e','2021-04-21 19:21:55.603000','siemens@yopmail.com','2021-04-21 19:21:55.603000','siemens@yopmail.com',_binary '\0'),(4,NULL,'gpankaj@yopmail.com','$2a$10$G8m9izNpD7fixkWFiJ7DQOSJyS20UhKBYXAdBVv/XndMpS01U9AJu','2021-04-21 19:26:31.305000','siemens@yopmail.com','2021-04-21 19:26:31.305000','siemens@yopmail.com',_binary '\0'),(5,NULL,'rakash@yopmail.com','$2a$10$S9vxoBmg2AkAiVIK6xqgnu/sZ4EUeU6z6ylVENSaQVEB5n5nK0Zjm','2021-04-21 19:27:35.138000','siemens@yopmail.com','2021-04-21 19:27:35.138000','siemens@yopmail.com',_binary '\0'),(6,NULL,'k@yopmail.com','$2a$10$Uag1hc.jpZP01PyilL2Tw.bhL8mz.QWqtmWa.YfqX/F3yLj27DT1u','2021-04-21 19:28:46.370000','siemens@yopmail.com','2021-04-21 19:28:46.370000','siemens@yopmail.com',_binary '\0'),(8,NULL,'cshekhar@yopmail.com','$2a$10$rtp8DteP6CjEPG0UJcY/J.eIXWKrddDPg305DcQy9YUBrShCR/NHS','2021-04-23 16:07:55.302000','siemens@yopmail.com','2021-04-23 16:07:55.302000','siemens@yopmail.com',_binary '\0'),(9,NULL,'svikram@yopmail.com','$2a$10$L052Z6qedJAm1YhJ0O0G0u1qy6QeuCBJdlq5Fs5/IspoCk8wKvnXG','2021-04-26 10:53:54.603000','siemens@yopmail.com','2021-04-26 10:53:54.603000','siemens@yopmail.com',_binary '\0'),(10,NULL,'prajesh@yopmail.com','$2a$10$nj5lzI.7oFAKZ642d.Ce/uLvVNBHWxu98D12IeEvxyIhE3lnRbj7a','2021-04-27 09:35:38.956000','siemens@yopmail.com','2021-04-27 09:35:38.956000','siemens@yopmail.com',_binary '\0');
/*!40000 ALTER TABLE `user` ENABLE KEYS */;
UNLOCK TABLES;

--
-- Table structure for table `user_role`
--

DROP TABLE IF EXISTS `user_role`;
/*!40101 SET @saved_cs_client     = @@character_set_client */;
/*!40101 SET character_set_client = utf8 */;
CREATE TABLE `user_role` (
  `id` bigint(20) NOT NULL AUTO_INCREMENT,
  `user_id` bigint(20) DEFAULT NULL,
  `role_id` bigint(20) DEFAULT NULL,
  PRIMARY KEY (`id`),
  KEY `user_id_idx` (`user_id`),
  KEY `role_id_idx` (`role_id`),
  CONSTRAINT `role_id` FOREIGN KEY (`role_id`) REFERENCES `role` (`id`) ON DELETE NO ACTION ON UPDATE NO ACTION,
  CONSTRAINT `user_id` FOREIGN KEY (`user_id`) REFERENCES `user` (`id`) ON DELETE NO ACTION ON UPDATE NO ACTION
) ENGINE=InnoDB DEFAULT CHARSET=latin1;
/*!40101 SET character_set_client = @saved_cs_client */;

--
-- Dumping data for table `user_role`
--

LOCK TABLES `user_role` WRITE;
/*!40000 ALTER TABLE `user_role` DISABLE KEYS */;
INSERT INTO `user_role` VALUES (1,1,1),(2,2,2),(3,3,3),(4,4,2),(5,5,2),(6,6,2),(7,8,2),(8,9,3),(9,10,3);
/*!40000 ALTER TABLE `user_role` ENABLE KEYS */;
UNLOCK TABLES;
/*!40103 SET TIME_ZONE=@OLD_TIME_ZONE */;

/*!40101 SET SQL_MODE=@OLD_SQL_MODE */;
/*!40014 SET FOREIGN_KEY_CHECKS=@OLD_FOREIGN_KEY_CHECKS */;
/*!40014 SET UNIQUE_CHECKS=@OLD_UNIQUE_CHECKS */;
/*!40101 SET CHARACTER_SET_CLIENT=@OLD_CHARACTER_SET_CLIENT */;
/*!40101 SET CHARACTER_SET_RESULTS=@OLD_CHARACTER_SET_RESULTS */;
/*!40101 SET COLLATION_CONNECTION=@OLD_COLLATION_CONNECTION */;
/*!40111 SET SQL_NOTES=@OLD_SQL_NOTES */;

-- Dump completed on 2021-04-28 11:57:17
